<?xml version="1.0" encoding="UTF-8" standalone="yes"?>
<addon id="repository.rb" name="RB Addons Repository" version="1.0.1" provider-name="RB">
	<extension point="xbmc.addon.repository" name="RB Addons Repository">
		<dir>
	        <info compressed="false">https://raw.githubusercontent.com/raghuchowdary67/KodiRulz/master/addons.xml</info>
	        <checksum>https://raw.githubusercontent.com/raghuchowdary67/KodiRulz/master/addons.xml.md5</checksum>
	        <datadir zip="true">https://raw.githubusercontent.com/raghuchowdary67/KodiRulz/master/zips/</datadir>
		</dir>
		<info compressed="false">https://raw.github.com/raghuchowdary67/RRKodiWorks/master/addons.xml</info>
		<checksum>https://raw.github.com/raghuchowdary67/RRKodiWorks/master/addons.xml.md5</checksum>
		<datadir zip="true">https://raw.github.com/raghuchowdary67/RRKodiWorks/master/zips/</datadir>
	</extension>
	<extension point="xbmc.addon.metadata">
		<summary>Third party Addons for Kodi</summary>
		<description>RB Addons Repository</description>
		<platform>all</platform>
	</extension>
</addon>
